2022-2-2,Wed,1
2022-2-3,Thu,2
2022-2-6,Sun,3
2022-2-8,Tue,4
2022-2-10,Thu,5
2022-2-13,Sun,6
2022-2-15,Tue,7
2022-2-17,Thu,8
2022-2-20,Sun,9
2022-2-22,Tue,10
2022-2-24,Thu,11
2022-02-26,Sat,12
2022-02-26,Sat,13
2022-02-26,Sat,14
2022-02-26,Sat,15
2022-02-26,Sat,16
2022-02-26,Sat,16
2022-02-26,Sat,16
2022-02-26,Sat,16
2022-02-26,Sat,16
2022-02-26,Sat,16
2022-02-26,Sat,16
2022-02-26,Sat,16
2022-02-26,Sat,16
2022-02-26,Sat,25
2022-02-26,Sat,25
2022-02-26,Sat,25
2022-02-26,Sat,25
2022-02-26,Sat,25
2022-02-26,Sat,25
2022-02-26,Sat,25
2022-02-26,Sat,25
2022-02-26,Sat,33
2022-02-26,Sat,34
